<configuration>

  <appender name="FILE" class="ch.qos.logback.core.FileAppender">
    <file>bot-github-chatops.log</file>
    <encoder>
      <pattern>%date %-5level [%thread] %logger{15} - %msg%n</pattern>
    </encoder>
  </appender>

  <appender name="STDOUT" class="ch.qos.logback.core.ConsoleAppender">
    <encoder>
      <pattern>%date %-5level [%thread] %logger{15} - %msg%n</pattern>
    </encoder>
  </appender>

  <logger name="org.apache"      level="ERROR" />
  <logger name="org.symphonyoss" level="ERROR" />
  <logger name="org.jolokia"     level="ERROR" />

  <root level="INFO">
    <appender-ref ref="FILE" />
    <appender-ref ref="STDOUT" />
  </root>
</configuration>
